{
  "hash": "458b7a6a",
  "configHash": "1c5e1af1",
  "lockfileHash": "d66d484a",
  "browserHash": "427b51b0",
  "optimized": {
    "@angular/core": {
      "src": "../../../../../node_modules/@angular/core/fesm2022/core.mjs",
      "file": "@angular_core.js",
      "fileHash": "f91d97d8",
      "needsInterop": false
    },
    "@angular/platform-browser": {
      "src": "../../../../../node_modules/@angular/platform-browser/fesm2022/platform-browser.mjs",
      "file": "@angular_platform-browser.js",
      "fileHash": "eace7a89",
      "needsInterop": false
    },
    "@angular/router": {
      "src": "../../../../../node_modules/@angular/router/fesm2022/router.mjs",
      "file": "@angular_router.js",
      "fileHash": "53d0eff4",
      "needsInterop": false
    },
    "@angular/forms": {
      "src": "../../../../../node_modules/@angular/forms/fesm2022/forms.mjs",
      "file": "@angular_forms.js",
      "fileHash": "30a69f12",
      "needsInterop": false
    }
  },
  "chunks": {
    "chunk-JGISCNIF": {
      "file": "chunk-JGISCNIF.js"
    },
    "chunk-EO7E6PK7": {
      "file": "chunk-EO7E6PK7.js"
    },
    "chunk-KVKHB5JC": {
      "file": "chunk-KVKHB5JC.js"
    }
  }
}